{
  "project_info": {
    "project_number": "908262965454",
    "project_id": "insulita-6964e",
    "storage_bucket": "insulita-6964e.appspot.com"
  },
  "client": [
    {
      "client_info": {
        "mobilesdk_app_id": "1:908262965454:android:a978571bc05fb2505cd09f",
        "android_client_info": {
          "package_name": "com.example.insulita_pantallas"
        }
      },
      "oauth_client": [
        {
          "client_id": "908262965454-798cn39lntkd57pf812boa50v88s6qvb.apps.googleusercontent.com",
          "client_type": 3
        }
      ],
      "api_key": [
        {
          "current_key": "AIzaSyAOy0cn_Zj_i6Ex0j7KwuccRHWiXwzniJk"
        }
      ],
      "services": {
        "appinvite_service": {
          "other_platform_oauth_client": [
            {
              "client_id": "908262965454-798cn39lntkd57pf812boa50v88s6qvb.apps.googleusercontent.com",
              "client_type": 3
            }
          ]
        }
      }
    }
  ],
  "configuration_version": "1"
}